"Brand_Description....brandDescription","Number_of_Reviews....numReviews","Price....price","Number_of_Stars....numStars"
"2 Port USB 3.0 Quad Monitor KVM Switch HDMI 2.1 8K@60Hz 4K@144Hz with Audio Output and All Input Cable, 2 PCs 4 Monitors Video Keyboard Mouse Peripheral Sharing Switcher","129","369.","3.7 out of 5 stars"
"8K KVM Switch HDMI 2 Port Box, USB 3.0 USB and HDMI Switch Selector for 2 Computers Share Keyboard Mouse Printer and one HD Monitor, Support UHD 8K@60Hz with Remote Controller","1","59.","5.0 out of 5 stars"
"KVM Switch Displayport 4 Port, Yinker 4K@60Hz DP KVM Switch 4 in 1 Out 4 Computers 1 Monitor Switch with CablesÔºå HotkeyÔºåWired Selector, 4 USB Hubs","4","85.","4.3 out of 5 stars"
"Portable 2TB External Hard Drive HDD ‚Äî USB 3.0 for PC, Mac, PlayStation, & Xbox -1-Year Rescue Service (STGX2000400)","238,579","67.","4.7 out of 5 stars"
"Storage Expansion Card For Xbox Series XS 1TB Solid State Drive - NVMe Expansion SSD, Quick Resume, Plug & Play, Licensed(STJR1000400)","17,392","149.","4.8 out of 5 stars"
"2TB Extreme Portable SSD - Up to 1050MB/s, USB-C, USB 3.2 Gen 2, IP65 Water and Dust Resistance, Updated Firmware - External Solid State Drive - SDSSDE61-2T00-G25","55,327","149.","4.6 out of 5 stars"
"Canvio Basics 2TB Portable External Hard Drive USB 3.0, Black - HDTB520XK3AA","74,424","66.","4.7 out of 5 stars"
"WD 5TB Elements Portable HDD, External Hard Drive, USB 3.0 for PC & Mac, Plug and Play Ready - WDBU6Y0050BBK-WESN","267,009","119.","4.7 out of 5 stars"
"T7 Shield 4TB Portable SSD - 1050MB/s, Rugged, Water & Dust Resistant, for Content Creators - Black","10,533","299.","4.7 out of 5 stars"
"External DVD Drive, USB 3.0 Portable +/-RW , DVD Player for CD ROM Burner Compatible with Laptop Desktop PC Windows Linux OS Apple Mac Black","54,011","19.","4.2 out of 5 stars"
"1TB C50 Expansion Card, Officially Licensed for Xbox‚Äì Quick Resume, Plug & Play, NVMe SSD Expansion for Xbox Series X|S Gaming Consoles- WDBMPH0010BNC-WCSN","2,172","149.","4.8 out of 5 stars"
"4TB Extreme PRO Portable SSD - Up to 2000MB/s - USB-C, USB 3.2 Gen 2x2, IP65 Water and Dust Resistance, Updated Firmware - External Solid State Drive - SDSSDE81-4T00-G25","10,794","296.","4.3 out of 5 stars"
"KVM Switch 2 Monitors 3 Computers 4K@60Hz 2K@144Hz, ùêÑùêÉùêàùêÉ ùê¨ùê¢ùê¶ùêÆùê•ùêöùê≠ùê¢ùê®ùêß, MLEEDA Dual Monitor KVM Switch HDMI for 3 Computers Share 2 Displays and 4 USB3.0 Port Keyboard Mouse Printer Switch","85","129.","4.0 out of 5 stars"
"Dual Monitor KVM Switch USB 3.0 HDMI KVM Switch 2 Monitors 3 Computers 4K@60Hz 2K@144Hz, EDID Emulator, Dual Monitor KVM Switch with 4 USB 3.0 Ports,Wired Remote and Cables Included","31","105.","4.4 out of 5 stars"
"HDMI KVM Switch Dual Monitor 4K@60Hz, KVM Switch 2 Monitors 2 Computers Share USB2.0 Ports, Support Hotkey Switch and Button Switch, for 2 PCs Share 2 Monitors and Keyboard Mouse","227","59.","3.9 out of 5 stars"
"T9 Portable SSD 4TB, USB 3.2 Gen 2x2 External Solid State Drive, Seq. Read Speeds Up to 2,000MB/s for Gaming, Students and Professionals,MU-PG4T0B/AM, Black","194","349.","4.7 out of 5 stars"
"1TB Portable SSD - Up to 800MB/s, USB-C, USB 3.2 Gen 2, Updated Firmware - External Solid State Drive - SDSSDE30-1T00-G26","9,344","64.","4.6 out of 5 stars"
"Tablo 4th Gen 2-Tuner OTA DVR - Record Broadcast TV, Free Streaming Channels, Whole-Home WiFi, No Subscriptions - 2023 Model","1,385","99.","3.4 out of 5 stars"
"Canvio Flex 2TB Portable External Hard Drive USB-C USB 3.0, Silver for PC, Mac, & Tablet - HDTX120XSCAA","6,570","74.","4.6 out of 5 stars"
"500GB 2.5"" Ultra Slim Portable External Hard Drive HDD-USB 3.0 for PC, Mac, Laptop, PS4, Xbox one,Xbox 360-HD-2510(Black)","30,161","33.","4.5 out of 5 stars"
"External CD/DVD Drive for Laptop USB 3.0 CD/DVD Player Portable +/-RW Burner CD ROM Reader Rewriter Writer Disk Duplicator Compatible with Laptop Desktop PC Windows Apple Mac Pro Macbook Linux","36,985","19.","4.3 out of 5 stars"
"USB DVD Drive-DW316 , Black","13,794","33.","4.6 out of 5 stars"
"WD 1TB My Passport Portable External Hard Drive with backup software and password protection, Black - WDBYVG0010BBK-WESN","99,191","54.","4.6 out of 5 stars"
"Rugged Mini 2TB External Hard Drive Portable HDD - USB 3.0/ 2.0 Compatible, Drop Shock Dust Rain Resistant Shuttle Drive, For Mac And PC Computer (LAC9000298), orange","18,707","98.","4.6 out of 5 stars"
"5TB P10 Game Drive - Portable External Hard Drive HDD, Compatible with Playstation, Xbox, PC, & Mac - WDBA3A0050BBK-WESN","32,753","124.","4.7 out of 5 stars"
"Expansion 8TB External Hard Drive HDD - USB 3.0, with Rescue Data Recovery Services (STKP8000400)","5,189","159.","4.3 out of 5 stars"
"16TB Elements Desktop External Hard Drive, USB 3.0 for plug-and-play storage - Western DigitalBWLG0160HBK-NESN","24,382","264.","4.6 out of 5 stars"
"Rugged 5TB Portable External HDD - USB 3.0/2.0 Compatible, Shock/Dust/Rain Resistant for Mac & PC","1,834","169.","4.6 out of 5 stars"
"5TB My Passport Ultra Blue Portable External Hard Drive HDD, USB-C and USB 3.1 Compatible - WDBFTM0050BBL-WESN","17,042","134.","4.5 out of 5 stars"
"X10 Pro 4TB Portable SSD - Up to 2100MB/s Read, 2000MB/s Write - Water and dust Resistant, PC and Mac, with Mylio Photos+ Offer - USB 3.2 External Solid State Drive - CT4000X10PROSSD902","402","289.","4.2 out of 5 stars"
"KVM Switch 2 Computers 2 Monitors, 4K@30Hz Dual Monitor HDMI USB 2.0 PC Switcher for 2 Coputers Share Keyboard Mouse and Monitor, Support Copy and Extended Display","1,801","69.","3.9 out of 5 stars"
"USB 3.0 DisplayPort + HDMI KVM Switch 2 Monitors 2 Computers 4K@60Hz, Dual Monitor KVM Switch 2 Port Extended Display, EDID Emulators, Headset, Hotkey Switch, Button Switch with All Cables","547","269.","3.6 out of 5 stars"
"USB 3.0 HDMI KVM Switch 3 Monitors 4 Computers 4K@60Hz, Headset, Audio&Microphone, EDID emulators, Hotkey Switch, Wired Network, Rack-Ears, 4 Port Triple Monitor KVM Switch with All Cables","144","599.","3.9 out of 5 stars"
